﻿<!--

This file contains a list of all the packages and their versions which were released in ASP.NET Core 3.0.0. 
Update this list when preparing for a new patch.

-->

<Baseline Version="3.0.0">
  <Package Id="AspNetCoreRuntime.3.0.x64" Version="3.0.0" />
  <Package Id="AspNetCoreRuntime.3.0.x86" Version="3.0.0" />
  <Package Id="dotnet-sql-cache" Version="3.0.0" />
  <Package Id="Microsoft.AspNetCore.ApiAuthorization.IdentityServer" Version="3.0.0" />
  <Package Id="Microsoft.AspNetCore.App.Runtime.win-x64" Version="3.0.0" />
  <Package Id="Microsoft.AspNetCore.Authentication.AzureAD.UI" Version="3.0.0" />
  <Package Id="Microsoft.AspNetCore.Authentication.AzureADB2C.UI" Version="3.0.0" />
  <Package Id="Microsoft.AspNetCore.Authentication.Certificate" Version="3.0.0" />
  <Package Id="Microsoft.AspNetCore.Authentication.Facebook" Version="3.0.0" />
  <Package Id="Microsoft.AspNetCore.Authentication.Google" Version="3.0.0" />
  <Package Id="Microsoft.AspNetCore.Authentication.JwtBearer" Version="3.0.0" />
  <Package Id="Microsoft.AspNetCore.Authentication.MicrosoftAccount" Version="3.0.0" />
  <Package Id="Microsoft.AspNetCore.Authentication.Negotiate" Version="3.0.0" />
  <Package Id="Microsoft.AspNetCore.Authentication.OpenIdConnect" Version="3.0.0" />
  <Package Id="Microsoft.AspNetCore.Authentication.Twitter" Version="3.0.0" />
  <Package Id="Microsoft.AspNetCore.Authentication.WsFederation" Version="3.0.0" />
  <Package Id="Microsoft.AspNetCore.Authorization" Version="3.0.0" />
  <Package Id="Microsoft.AspNetCore.AzureAppServices.HostingStartup" Version="3.0.0" />
  <Package Id="Microsoft.AspNetCore.AzureAppServices.SiteExtension" Version="3.0.0" />
  <Package Id="Microsoft.AspNetCore.AzureAppServicesIntegration" Version="3.0.0" />
  <Package Id="Microsoft.AspNetCore.Blazor" Version="3.0.0-preview9.19465.2" />
  <Package Id="Microsoft.AspNetCore.Blazor.Build" Version="3.0.0-preview9.19465.2" />
  <Package Id="Microsoft.AspNetCore.Blazor.DevServer" Version="3.0.0-preview9.19465.2" />
  <Package Id="Microsoft.AspNetCore.Blazor.HttpClient" Version="3.0.0-preview9.19465.2" />
  <Package Id="Microsoft.AspNetCore.Blazor.Server" Version="3.0.0-preview9.19465.2" />
  <Package Id="Microsoft.AspNetCore.Blazor.Templates" Version="3.0.0-preview9.19465.2" />
  <Package Id="Microsoft.AspNetCore.Components" Version="3.0.0" />
  <Package Id="Microsoft.AspNetCore.Components.Analyzers" Version="3.0.0" />
  <Package Id="Microsoft.AspNetCore.Components.Authorization" Version="3.0.0" />
  <Package Id="Microsoft.AspNetCore.Components.Forms" Version="3.0.0" />
  <Package Id="Microsoft.AspNetCore.Components.Web" Version="3.0.0" />
  <Package Id="Microsoft.AspNetCore.ConcurrencyLimiter" Version="3.0.0" />
  <Package Id="Microsoft.AspNetCore.Connections.Abstractions" Version="3.0.0" />
  <Package Id="Microsoft.AspNetCore.Cryptography.Internal" Version="3.0.0" />
  <Package Id="Microsoft.AspNetCore.Cryptography.KeyDerivation" Version="3.0.0" />
  <Package Id="Microsoft.AspNetCore.DataProtection" Version="3.0.0" />
  <Package Id="Microsoft.AspNetCore.DataProtection.Abstractions" Version="3.0.0" />
  <Package Id="Microsoft.AspNetCore.DataProtection.AzureKeyVault" Version="3.0.0" />
  <Package Id="Microsoft.AspNetCore.DataProtection.AzureStorage" Version="3.0.0" />
  <Package Id="Microsoft.AspNetCore.DataProtection.EntityFrameworkCore" Version="3.0.0" />
  <Package Id="Microsoft.AspNetCore.DataProtection.Extensions" Version="3.0.0" />
  <Package Id="Microsoft.AspNetCore.DataProtection.StackExchangeRedis" Version="3.0.0" />
  <Package Id="Microsoft.AspNetCore.Diagnostics.EntityFrameworkCore" Version="3.0.0" />
  <Package Id="Microsoft.AspNetCore.HeaderPropagation" Version="3.0.0" />
  <Package Id="Microsoft.AspNetCore.Hosting.WindowsServices" Version="3.0.0" />
  <Package Id="Microsoft.AspNetCore.Http.Connections.Client" Version="3.0.0" />
  <Package Id="Microsoft.AspNetCore.Http.Connections.Common" Version="3.0.0" />
  <Package Id="Microsoft.AspNetCore.Http.Features" Version="3.0.0" />
  <Package Id="Microsoft.AspNetCore.Identity.EntityFrameworkCore" Version="3.0.0" />
  <Package Id="Microsoft.AspNetCore.Identity.Specification.Tests" Version="3.0.0" />
  <Package Id="Microsoft.AspNetCore.Identity.UI" Version="3.0.0" />
  <Package Id="Microsoft.AspNetCore.JsonPatch" Version="3.0.0" />
  <Package Id="Microsoft.AspNetCore.Metadata" Version="3.0.0" />
  <Package Id="Microsoft.AspNetCore.MiddlewareAnalysis" Version="3.0.0" />
  <Package Id="Microsoft.AspNetCore.Mvc.NewtonsoftJson" Version="3.0.0" />
  <Package Id="Microsoft.AspNetCore.Mvc.Razor.RuntimeCompilation" Version="3.0.0" />
  <Package Id="Microsoft.AspNetCore.Mvc.Testing" Version="3.0.0" />
  <Package Id="Microsoft.AspNetCore.NodeServices" Version="3.0.0" />
  <Package Id="Microsoft.AspNetCore.Owin" Version="3.0.0" />
  <Package Id="Microsoft.AspNetCore.Server.Kestrel.Transport.Libuv" Version="3.0.0" />
  <Package Id="Microsoft.AspNetCore.SignalR.Client" Version="3.0.0" />
  <Package Id="Microsoft.AspNetCore.SignalR.Client.Core" Version="3.0.0" />
  <Package Id="Microsoft.AspNetCore.SignalR.Common" Version="3.0.0" />
  <Package Id="Microsoft.AspNetCore.SignalR.Protocols.Json" Version="3.0.0" />
  <Package Id="Microsoft.AspNetCore.SignalR.Protocols.MessagePack" Version="3.0.0" />
  <Package Id="Microsoft.AspNetCore.SignalR.Protocols.NewtonsoftJson" Version="3.0.0" />
  <Package Id="Microsoft.AspNetCore.SignalR.Specification.Tests" Version="3.0.0" />
  <Package Id="Microsoft.AspNetCore.SignalR.StackExchangeRedis" Version="3.0.0" />
  <Package Id="Microsoft.AspNetCore.SpaServices" Version="3.0.0" />
  <Package Id="Microsoft.AspNetCore.SpaServices.Extensions" Version="3.0.0" />
  <Package Id="Microsoft.AspNetCore.TestHost" Version="3.0.0" />
  <Package Id="Microsoft.dotnet-openapi" Version="3.0.0" />
  <Package Id="Microsoft.DotNet.Web.Client.ItemTemplates" Version="3.0.0" />
  <Package Id="Microsoft.DotNet.Web.ItemTemplates" Version="3.0.0" />
  <Package Id="Microsoft.DotNet.Web.ProjectTemplates.3.0" Version="3.0.0" />
  <Package Id="Microsoft.DotNet.Web.Spa.ProjectTemplates.3.0" Version="3.0.0" />
  <Package Id="Microsoft.Extensions.ApiDescription.Client" Version="3.0.0" />
  <Package Id="Microsoft.Extensions.ApiDescription.Server" Version="3.0.0" />
  <Package Id="Microsoft.Extensions.Diagnostics.HealthChecks.EntityFrameworkCore" Version="3.0.0" />
  <Package Id="Microsoft.Extensions.Identity.Core" Version="3.0.0" />
  <Package Id="Microsoft.Extensions.Identity.Stores" Version="3.0.0" />

</Baseline>
